kategori,urun_adi
Beyaz Eşya,Buzdolabı
Beyaz Eşya,Derin Dondurucu
Beyaz Eşya,Çamaşır Makinesi
Beyaz Eşya,Bulaşık Makinesi
Beyaz Eşya,Kurutma Makinesi
Beyaz Eşya,Kurutmalı Çamaşır Makinesi
Beyaz Eşya,Fırın
Beyaz Eşya,Set Üstü Ocak
Beyaz Eşya,Mikrodalga Fırın
Beyaz Eşya,İçecek Soğutucu
Beyaz Eşya,Su Sebili
Beyaz Eşya,Beyaz Eşya Yedek Parça ve Aksesuarları
Beyaz Eşya,Çeyiz Set
Ankastre,Ankastre Ocak
Ankastre,Ankastre Davlumbazlar
Ankastre,Ankastre Aspiratörler
Ankastre,Ankastre Bulaşık Makineleri
Ankastre,Ankastre Buzdolabı
Ankastre,Ankastre Fırın
Ankastre,Ankastre Mikrodalgalar
Ankastre,Ankastre Set
Ankastre,Pişirici Yedek Parça ve Aksesuarları
Elektronik,Bilgisayar
Elektronik,Hobi - Oyun (Gaming) Ürünleri
Elektronik,Ses& Görüntü Sistemleri
Elektronik,Ödeme Sistemleri
Elektronik,Cep Telefonu
Elektronik,Cep Telefonu Aksesuarları
Elektronik,Giyilebilir Teknoloji
Isıtma Soğutma ve Enerji,Klima
Isıtma Soğutma ve Enerji,Hava Temizleyiciler
Isıtma Soğutma ve Enerji,Hava Soğutucu
Isıtma Soğutma ve Enerji,Vantilatör
Isıtma Soğutma ve Enerji,Elektrikli Isıtıcı
Isıtma Soğutma ve Enerji,Termosifon
Isıtma Soğutma ve Enerji,Kombi
Isıtma Soğutma ve Enerji,Nem Alma Cihazı
Isıtma Soğutma ve Enerji,Isıtma Soğutma Yedek Parça ve Aksesuarları
Küçük Ev Aletleri,Kahve Makinesi
Küçük Ev Aletleri,Dondurma Makinesi
Küçük Ev Aletleri,Pişirici
Küçük Ev Aletleri,Outdoor Ekipman
Küçük Ev Aletleri,Kişisel Bakım
Küçük Ev Aletleri,Elektrikli Süpürge
Küçük Ev Aletleri,Ütü
Küçük Ev Aletleri,Karıştırıcı& Doğrayıcı
Küçük Ev Aletleri,UV Temizleme Cihazı
Küçük Ev Aletleri,Yoğurt &Kefir Makinesi
Küçük Ev Aletleri,Kettle
Küçük Ev Aletleri,Katı Meyve Sıkacağı
Küçük Ev Aletleri,Narenciye Sıkacağı
Küçük Ev Aletleri,Çay Makinesi
Küçük Ev Aletleri,Semaver
Küçük Ev Aletleri,Buz Makinesi
Küçük Ev Aletleri,Küçük Ev Aletleri Yedek Parça ve Aksesuarları
Küçük Ev Aletleri,Küçük Ev Aletleri Seti
Küçük Ev Aletleri,Ev Temizlik Ekipmanları ve Teknolojileri
Küçük Ev Aletleri,Güzellik ve Bakım
Küçük Ev Aletleri,Kahve ve Sofra Ürünleri
Küçük Ev Aletleri,Frozen ve Slush Makinesi
Hijyen-Aksesuar-Oto,Aksesuarlar
Hijyen-Aksesuar-Oto,Aktif Hijyen
Hijyen-Aksesuar-Oto,Araç Buzdolabı
