Kategori,Urun Adi,Urun Linki
https://www.sikayetvar.com/beko/ankastre-firin,BFC 430,https://www.sikayetvar.com/beko/bfc-430
https://www.sikayetvar.com/beko/ankastre-firin,BFC 631,https://www.sikayetvar.com/beko/bfc-631
https://www.sikayetvar.com/beko/ankastre-firin,BFC 220 HB,https://www.sikayetvar.com/beko/bfc-220-hb
https://www.sikayetvar.com/beko/ankastre-firin,BFC 321,https://www.sikayetvar.com/beko/bfc-321
https://www.sikayetvar.com/beko/ankastre-firin,BFM 310,https://www.sikayetvar.com/beko/bfm-310
https://www.sikayetvar.com/beko/ankastre-firin,BFC 630,https://www.sikayetvar.com/beko/bfc-630
https://www.sikayetvar.com/beko/ankastre-firin,BFC 330,https://www.sikayetvar.com/beko/bfc-330
https://www.sikayetvar.com/beko/ankastre-firin,AFE 24300,https://www.sikayetvar.com/beko/afe-24300
https://www.sikayetvar.com/beko/ankastre-firin,BFC 431 B,https://www.sikayetvar.com/beko/bfc-431-b
https://www.sikayetvar.com/beko/ankastre-firin,OIE 22300 X,https://www.sikayetvar.com/beko/oie-22300-x
https://www.sikayetvar.com/beko/ankastre-firin,BFM 430,https://www.sikayetvar.com/beko/bfm-430
https://www.sikayetvar.com/beko/ankastre-firin,BFC 431 G,https://www.sikayetvar.com/beko/bfc-431-g
https://www.sikayetvar.com/beko/ankastre-firin,BFC 210,https://www.sikayetvar.com/beko/bfc-210
https://www.sikayetvar.com/beko/ankastre-firin,AFE 21000,https://www.sikayetvar.com/beko/afe-21000
https://www.sikayetvar.com/beko/ankastre-firin,BFC 320,https://www.sikayetvar.com/beko/bfc-320
https://www.sikayetvar.com/beko/ankastre-firin,OIM 23300 X,https://www.sikayetvar.com/beko/oim-23300-x
https://www.sikayetvar.com/beko/ankastre-ocak,BOCD T 6510 E,https://www.sikayetvar.com/beko/bocd-t-6510-e
https://www.sikayetvar.com/beko/ankastre-ocak,BOCD T 6011 E,https://www.sikayetvar.com/beko/bocd-t-6011-e
https://www.sikayetvar.com/beko/ankastre-ocak,BOCD K 6510 EWG,https://www.sikayetvar.com/beko/bocd-k-6510-ewg
https://www.sikayetvar.com/beko/ankastre-ocak,AFD 14400,https://www.sikayetvar.com/beko/afd-14400
https://www.sikayetvar.com/beko/ankastre-ocak,BOCD K 6510 EWB,https://www.sikayetvar.com/beko/bocd-k-6510-ewb
https://www.sikayetvar.com/beko/ankastre-ocak,AOV 64400 B,https://www.sikayetvar.com/beko/aov-64400-b
https://www.sikayetvar.com/beko/ankastre-ocak,BOMD D 6110 DWI,https://www.sikayetvar.com/beko/bomd-d-6110-dwi
https://www.sikayetvar.com/beko/ankastre-ocak,BKK 1122,https://www.sikayetvar.com/beko/bkk-1122
https://www.sikayetvar.com/beko/ankastre-ocak,AOMM 64160 LI,https://www.sikayetvar.com/beko/aomm-64160-li
https://www.sikayetvar.com/beko/ankastre-ocak,AOV 64100 S,https://www.sikayetvar.com/beko/aov-64100-s
https://www.sikayetvar.com/beko/ankastre-ocak,HTXG 64121 SX,https://www.sikayetvar.com/beko/htxg-64121-sx
https://www.sikayetvar.com/beko/ankastre-ocak,HIC 64401,https://www.sikayetvar.com/beko/hic-64401
https://www.sikayetvar.com/beko/ankastre-ocak,AFM 24300,https://www.sikayetvar.com/beko/afm-24300
https://www.sikayetvar.com/beko/ankastre-set,AOCG 64110,https://www.sikayetvar.com/beko/aocg-64110
https://www.sikayetvar.com/beko/ankastre-set,BOI 6020 FS,https://www.sikayetvar.com/beko/boi-6020-fs
https://www.sikayetvar.com/beko/ankastre-set,BDE 9062,https://www.sikayetvar.com/beko/bde-9062
https://www.sikayetvar.com/beko/aspirator,P 38,https://www.sikayetvar.com/beko/p-38
https://www.sikayetvar.com/beko/aspirator,P 39,https://www.sikayetvar.com/beko/p-39
https://www.sikayetvar.com/beko/aspirator,P 40,https://www.sikayetvar.com/beko/p-40
https://www.sikayetvar.com/beko/blender,KB 5234 T Vitaminist,https://www.sikayetvar.com/beko/kb-5234-t-vitaminist
https://www.sikayetvar.com/beko/blender,BKK 3094 TB,https://www.sikayetvar.com/beko/bkk-3094-tb
https://www.sikayetvar.com/beko/blender,HBS 5970 CW,https://www.sikayetvar.com/beko/hbs-5970-cw
https://www.sikayetvar.com/beko/blender,TB 8180 C Starlight,https://www.sikayetvar.com/beko/tb-8180-c-starlight
https://www.sikayetvar.com/beko/blender,KB 5134 T,https://www.sikayetvar.com/beko/kb-5134-t
https://www.sikayetvar.com/beko/blender,TB 5962 C,https://www.sikayetvar.com/beko/tb-5962-c
https://www.sikayetvar.com/beko/blender,KB,https://www.sikayetvar.com/beko/kb
https://www.sikayetvar.com/beko/blender-seti,Floral RHB 5050,https://www.sikayetvar.com/beko/floral-rhb-5050
https://www.sikayetvar.com/beko/blender-seti,HBS 8170 C,https://www.sikayetvar.com/beko/hbs-8170-c
https://www.sikayetvar.com/beko/blender-seti,RHB 2910,https://www.sikayetvar.com/beko/rhb-2910
https://www.sikayetvar.com/beko/blender-seti,HBS 5150 Floral,https://www.sikayetvar.com/beko/hbs-5150-floral
https://www.sikayetvar.com/beko/blender-seti,BKK 3099 HBS,https://www.sikayetvar.com/beko/bkk-3099-hbs
https://www.sikayetvar.com/beko/blender-seti,BKK 2153,https://www.sikayetvar.com/beko/bkk-2153
https://www.sikayetvar.com/beko/buharli-temizleyici,BKK-1100 Steambox,https://www.sikayetvar.com/beko/bkk-1100-steambox
https://www.sikayetvar.com/beko/bulasik-makinesi,BM 4044,https://www.sikayetvar.com/beko/bm-4044
https://www.sikayetvar.com/beko/bulasik-makinesi,BM 4144,https://www.sikayetvar.com/beko/bm-4144
https://www.sikayetvar.com/beko/bulasik-makinesi,BM 3043,https://www.sikayetvar.com/beko/bm-3043
https://www.sikayetvar.com/beko/bulasik-makinesi,BM 6047,https://www.sikayetvar.com/beko/bm-6047
https://www.sikayetvar.com/beko/bulasik-makinesi,BM 4004,https://www.sikayetvar.com/beko/bm-4004
https://www.sikayetvar.com/beko/bulasik-makinesi,BM 5045,https://www.sikayetvar.com/beko/bm-5045
https://www.sikayetvar.com/beko/bulasik-makinesi,BM 4014,https://www.sikayetvar.com/beko/bm-4014
https://www.sikayetvar.com/beko/bulasik-makinesi,D1 4001,https://www.sikayetvar.com/beko/d1-4001
https://www.sikayetvar.com/beko/bulasik-makinesi,BM 3003,https://www.sikayetvar.com/beko/bm-3003
https://www.sikayetvar.com/beko/bulasik-makinesi,BM 6147 WF,https://www.sikayetvar.com/beko/bm-6147-wf
https://www.sikayetvar.com/beko/bulasik-makinesi,BM 6046,https://www.sikayetvar.com/beko/bm-6046
https://www.sikayetvar.com/beko/bulasik-makinesi,BM 3033,https://www.sikayetvar.com/beko/bm-3033
https://www.sikayetvar.com/beko/bulasik-makinesi,BB 250,https://www.sikayetvar.com/beko/bb-250
https://www.sikayetvar.com/beko/bulasik-makinesi,D4 3001,https://www.sikayetvar.com/beko/d4-3001
https://www.sikayetvar.com/beko/bulasik-makinesi,BM 6016,https://www.sikayetvar.com/beko/bm-6016
https://www.sikayetvar.com/beko/bulasik-makinesi,BM 6146,https://www.sikayetvar.com/beko/bm-6146
https://www.sikayetvar.com/beko/bulasik-makinesi,D3 3001,https://www.sikayetvar.com/beko/d3-3001
https://www.sikayetvar.com/beko/bulasik-makinesi,BM 6006,https://www.sikayetvar.com/beko/bm-6006
https://www.sikayetvar.com/beko/bulasik-makinesi,BM 5015,https://www.sikayetvar.com/beko/bm-5015
https://www.sikayetvar.com/beko/bulasik-makinesi,BM 3023,https://www.sikayetvar.com/beko/bm-3023
https://www.sikayetvar.com/beko/bulasik-makinesi,BM 5145 WF,https://www.sikayetvar.com/beko/bm-5145-wf
https://www.sikayetvar.com/beko/bulasik-makinesi,BM 6066,https://www.sikayetvar.com/beko/bm-6066
https://www.sikayetvar.com/beko/bulasik-makinesi,BM 3143,https://www.sikayetvar.com/beko/bm-3143
https://www.sikayetvar.com/beko/bulasik-makinesi,BM 6247 WF,https://www.sikayetvar.com/beko/bm-6247-wf
https://www.sikayetvar.com/beko/bulasik-makinesi,BM 5115,https://www.sikayetvar.com/beko/bm-5115
https://www.sikayetvar.com/beko/bulasik-makinesi,BM 6045,https://www.sikayetvar.com/beko/bm-6045
https://www.sikayetvar.com/beko/bulasik-makinesi,D 4001,https://www.sikayetvar.com/beko/d-4001
https://www.sikayetvar.com/beko/bulasik-makinesi,BMA 6340,https://www.sikayetvar.com/beko/bma-6340
https://www.sikayetvar.com/beko/bulasik-makinesi,BBM 350 I,https://www.sikayetvar.com/beko/bbm-350-i
https://www.sikayetvar.com/beko/bulasik-makinesi,BM 11041 I WF,https://www.sikayetvar.com/beko/bm-11041-i-wf
https://www.sikayetvar.com/beko/bulasik-makinesi,BM 11042 I WF,https://www.sikayetvar.com/beko/bm-11042-i-wf
https://www.sikayetvar.com/beko/bulasik-makinesi,BBM 360 S,https://www.sikayetvar.com/beko/bbm-360-s
https://www.sikayetvar.com/beko/bulasik-makinesi,3916,https://www.sikayetvar.com/beko/3916
https://www.sikayetvar.com/beko/bulasik-makinesi,BM 8008,https://www.sikayetvar.com/beko/bm-8008
https://www.sikayetvar.com/beko/bulasik-makinesi,3505 P,https://www.sikayetvar.com/beko/3505-p
https://www.sikayetvar.com/beko/bulasik-makinesi,BB 260,https://www.sikayetvar.com/beko/bb-260
https://www.sikayetvar.com/beko/bulasik-makinesi,D1 3001,https://www.sikayetvar.com/beko/d1-3001
https://www.sikayetvar.com/beko/bulasik-makinesi,BMA 6102,https://www.sikayetvar.com/beko/bma-6102
https://www.sikayetvar.com/beko/bulasik-makinesi,BM 9009 I,https://www.sikayetvar.com/beko/bm-9009-i
https://www.sikayetvar.com/beko/bulasik-makinesi,BM 5005,https://www.sikayetvar.com/beko/bm-5005
https://www.sikayetvar.com/beko/bulasik-makinesi,D3 3001 SY,https://www.sikayetvar.com/beko/d3-3001-sy
https://www.sikayetvar.com/beko/bulasik-makinesi,BM 5015 I,https://www.sikayetvar.com/beko/bm-5015-i
https://www.sikayetvar.com/beko/bulasik-makinesi,BB 251,https://www.sikayetvar.com/beko/bb-251
https://www.sikayetvar.com/beko/bulasik-makinesi,BBM 160 D,https://www.sikayetvar.com/beko/bbm-160-d
https://www.sikayetvar.com/beko/bulasik-makinesi,BMA 5130,https://www.sikayetvar.com/beko/bma-5130
https://www.sikayetvar.com/beko/bulasik-makinesi,BMA 6103,https://www.sikayetvar.com/beko/bma-6103
https://www.sikayetvar.com/beko/bulasik-makinesi,BM 3013 S,https://www.sikayetvar.com/beko/bm-3013-s
https://www.sikayetvar.com/beko/bulasik-makinesi,BMA 6312,https://www.sikayetvar.com/beko/bma-6312
https://www.sikayetvar.com/beko/bulasik-makinesi,BM 8018,https://www.sikayetvar.com/beko/bm-8018
https://www.sikayetvar.com/beko/bulasik-makinesi,3933,https://www.sikayetvar.com/beko/3933
https://www.sikayetvar.com/beko/bulasik-makinesi,3938 ILS,https://www.sikayetvar.com/beko/3938-ils
https://www.sikayetvar.com/beko/bulasik-makinesi,3906 EI,https://www.sikayetvar.com/beko/3906-ei
https://www.sikayetvar.com/beko/bulasik-makinesi,BMA 5101,https://www.sikayetvar.com/beko/bma-5101
https://www.sikayetvar.com/beko/bulasik-makinesi,BMA 3101 I,https://www.sikayetvar.com/beko/bma-3101-i
https://www.sikayetvar.com/beko/bulasik-makinesi,BM 3003 SY,https://www.sikayetvar.com/beko/bm-3003-sy
https://www.sikayetvar.com/beko/bulasik-makinesi,BMA 6202,https://www.sikayetvar.com/beko/bma-6202
https://www.sikayetvar.com/beko/bulasik-makinesi,3904,https://www.sikayetvar.com/beko/3904
https://www.sikayetvar.com/beko/bulasik-makinesi,BMA 5100,https://www.sikayetvar.com/beko/bma-5100
https://www.sikayetvar.com/beko/bulasik-makinesi,BMA 9100 I,https://www.sikayetvar.com/beko/bma-9100-i
https://www.sikayetvar.com/beko/bulasik-makinesi,D3 4001,https://www.sikayetvar.com/beko/d3-4001
https://www.sikayetvar.com/beko/bulasik-makinesi,D 6001,https://www.sikayetvar.com/beko/d-6001
https://www.sikayetvar.com/beko/bulasik-makinesi,D3 2001,https://www.sikayetvar.com/beko/d3-2001
https://www.sikayetvar.com/beko/bulasik-makinesi,D 8001,https://www.sikayetvar.com/beko/d-8001
https://www.sikayetvar.com/beko/bulasik-makinesi,D2 3001,https://www.sikayetvar.com/beko/d2-3001
https://www.sikayetvar.com/beko/bulasik-makinesi,BBC 161,https://www.sikayetvar.com/beko/bbc-161
https://www.sikayetvar.com/beko/bulasik-makinesi,BM 6347 WF I,https://www.sikayetvar.com/beko/bm-6347-wf-i
https://www.sikayetvar.com/beko/bulasik-makinesi,BBC 160,https://www.sikayetvar.com/beko/bbc-160
https://www.sikayetvar.com/beko/bulasik-makinesi,DFN26422W,https://www.sikayetvar.com/beko/dfn26422w
https://www.sikayetvar.com/beko/bulasik-makinesi,BMA 6302 FI,https://www.sikayetvar.com/beko/bma-6302-fi
https://www.sikayetvar.com/beko/bulasik-makinesi,BM 2002,https://www.sikayetvar.com/beko/bm-2002
https://www.sikayetvar.com/beko/bulasik-makinesi,BMA 6310,https://www.sikayetvar.com/beko/bma-6310
https://www.sikayetvar.com/beko/bulasik-makinesi,3925 EIP,https://www.sikayetvar.com/beko/3925-eip
